conversation_id,message,other_field
2,"Hello from user 1, my email is user1@example.com and phone is +1-555-1001",meta1
3,"Hello from user 2, my email is user2@example.com and phone is +1-555-1002",meta2
4,"Hello from user 3, my email is user3@example.com and phone is +1-555-1003",meta3
5,"Hello from user 4, my email is user4@example.com and phone is +1-555-1004",meta4
6,"Hello from user 5, my email is user5@example.com and phone is +1-555-1005",meta5
7,"Hello from user 6, my email is user6@example.com and phone is +1-555-1006",meta6
8,"Hello from user 7, my email is user7@example.com and phone is +1-555-1007",meta7
9,"Hello from user 8, my email is user8@example.com and phone is +1-555-1008",meta8
10,"Hello from user 9, my email is user9@example.com and phone is +1-555-1009",meta9
1,"Hello from user 10, my email is user10@example.com and phone is +1-555-1010",meta10
2,"Hello from user 11, my email is user11@example.com and phone is +1-555-1011",meta11
3,"Hello from user 12, my email is user12@example.com and phone is +1-555-1012",meta12
4,"Hello from user 13, my email is user13@example.com and phone is +1-555-1013",meta13
5,"Hello from user 14, my email is user14@example.com and phone is +1-555-1014",meta14
6,"Hello from user 15, my email is user15@example.com and phone is +1-555-1015",meta15
7,"Hello from user 16, my email is user16@example.com and phone is +1-555-1016",meta16
8,"Hello from user 17, my email is user17@example.com and phone is +1-555-1017",meta17
9,"Hello from user 18, my email is user18@example.com and phone is +1-555-1018",meta18
10,"Hello from user 19, my email is user19@example.com and phone is +1-555-1019",meta19
1,"Hello from user 20, my email is user20@example.com and phone is +1-555-1020",meta20
2,"Hello from user 21, my email is user21@example.com and phone is +1-555-1021",meta21
3,"Hello from user 22, my email is user22@example.com and phone is +1-555-1022",meta22
4,"Hello from user 23, my email is user23@example.com and phone is +1-555-1023",meta23
5,"Hello from user 24, my email is user24@example.com and phone is +1-555-1024",meta24
6,"Hello from user 25, my email is user25@example.com and phone is +1-555-1025",meta25
7,"Hello from user 26, my email is user26@example.com and phone is +1-555-1026",meta26
8,"Hello from user 27, my email is user27@example.com and phone is +1-555-1027",meta27
9,"Hello from user 28, my email is user28@example.com and phone is +1-555-1028",meta28
10,"Hello from user 29, my email is user29@example.com and phone is +1-555-1029",meta29
1,"Hello from user 30, my email is user30@example.com and phone is +1-555-1030",meta30
2,"Hello from user 31, my email is user31@example.com and phone is +1-555-1031",meta31
3,"Hello from user 32, my email is user32@example.com and phone is +1-555-1032",meta32
4,"Hello from user 33, my email is user33@example.com and phone is +1-555-1033",meta33
5,"Hello from user 34, my email is user34@example.com and phone is +1-555-1034",meta34
6,"Hello from user 35, my email is user35@example.com and phone is +1-555-1035",meta35
7,"Hello from user 36, my email is user36@example.com and phone is +1-555-1036",meta36
8,"Hello from user 37, my email is user37@example.com and phone is +1-555-1037",meta37
9,"Hello from user 38, my email is user38@example.com and phone is +1-555-1038",meta38
10,"Hello from user 39, my email is user39@example.com and phone is +1-555-1039",meta39
1,"Hello from user 40, my email is user40@example.com and phone is +1-555-1040",meta40
2,"Hello from user 41, my email is user41@example.com and phone is +1-555-1041",meta41
3,"Hello from user 42, my email is user42@example.com and phone is +1-555-1042",meta42
4,"Hello from user 43, my email is user43@example.com and phone is +1-555-1043",meta43
5,"Hello from user 44, my email is user44@example.com and phone is +1-555-1044",meta44
6,"Hello from user 45, my email is user45@example.com and phone is +1-555-1045",meta45
7,"Hello from user 46, my email is user46@example.com and phone is +1-555-1046",meta46
8,"Hello from user 47, my email is user47@example.com and phone is +1-555-1047",meta47
9,"Hello from user 48, my email is user48@example.com and phone is +1-555-1048",meta48
10,"Hello from user 49, my email is user49@example.com and phone is +1-555-1049",meta49
1,"Hello from user 50, my email is user50@example.com and phone is +1-555-1050",meta50
2,"Hello from user 51, my email is user51@example.com and phone is +1-555-1051",meta51
3,"Hello from user 52, my email is user52@example.com and phone is +1-555-1052",meta52
4,"Hello from user 53, my email is user53@example.com and phone is +1-555-1053",meta53
5,"Hello from user 54, my email is user54@example.com and phone is +1-555-1054",meta54
6,"Hello from user 55, my email is user55@example.com and phone is +1-555-1055",meta55
7,"Hello from user 56, my email is user56@example.com and phone is +1-555-1056",meta56
8,"Hello from user 57, my email is user57@example.com and phone is +1-555-1057",meta57
9,"Hello from user 58, my email is user58@example.com and phone is +1-555-1058",meta58
10,"Hello from user 59, my email is user59@example.com and phone is +1-555-1059",meta59
1,"Hello from user 60, my email is user60@example.com and phone is +1-555-1060",meta60
2,"Hello from user 61, my email is user61@example.com and phone is +1-555-1061",meta61
3,"Hello from user 62, my email is user62@example.com and phone is +1-555-1062",meta62
4,"Hello from user 63, my email is user63@example.com and phone is +1-555-1063",meta63
5,"Hello from user 64, my email is user64@example.com and phone is +1-555-1064",meta64
6,"Hello from user 65, my email is user65@example.com and phone is +1-555-1065",meta65
7,"Hello from user 66, my email is user66@example.com and phone is +1-555-1066",meta66
8,"Hello from user 67, my email is user67@example.com and phone is +1-555-1067",meta67
9,"Hello from user 68, my email is user68@example.com and phone is +1-555-1068",meta68
10,"Hello from user 69, my email is user69@example.com and phone is +1-555-1069",meta69
1,"Hello from user 70, my email is user70@example.com and phone is +1-555-1070",meta70
2,"Hello from user 71, my email is user71@example.com and phone is +1-555-1071",meta71
3,"Hello from user 72, my email is user72@example.com and phone is +1-555-1072",meta72
4,"Hello from user 73, my email is user73@example.com and phone is +1-555-1073",meta73
5,"Hello from user 74, my email is user74@example.com and phone is +1-555-1074",meta74
6,"Hello from user 75, my email is user75@example.com and phone is +1-555-1075",meta75
7,"Hello from user 76, my email is user76@example.com and phone is +1-555-1076",meta76
8,"Hello from user 77, my email is user77@example.com and phone is +1-555-1077",meta77
9,"Hello from user 78, my email is user78@example.com and phone is +1-555-1078",meta78
10,"Hello from user 79, my email is user79@example.com and phone is +1-555-1079",meta79
1,"Hello from user 80, my email is user80@example.com and phone is +1-555-1080",meta80
2,"Hello from user 81, my email is user81@example.com and phone is +1-555-1081",meta81
3,"Hello from user 82, my email is user82@example.com and phone is +1-555-1082",meta82
4,"Hello from user 83, my email is user83@example.com and phone is +1-555-1083",meta83
5,"Hello from user 84, my email is user84@example.com and phone is +1-555-1084",meta84
6,"Hello from user 85, my email is user85@example.com and phone is +1-555-1085",meta85
7,"Hello from user 86, my email is user86@example.com and phone is +1-555-1086",meta86
8,"Hello from user 87, my email is user87@example.com and phone is +1-555-1087",meta87
9,"Hello from user 88, my email is user88@example.com and phone is +1-555-1088",meta88
10,"Hello from user 89, my email is user89@example.com and phone is +1-555-1089",meta89
1,"Hello from user 90, my email is user90@example.com and phone is +1-555-1090",meta90
2,"Hello from user 91, my email is user91@example.com and phone is +1-555-1091",meta91
3,"Hello from user 92, my email is user92@example.com and phone is +1-555-1092",meta92
4,"Hello from user 93, my email is user93@example.com and phone is +1-555-1093",meta93
5,"Hello from user 94, my email is user94@example.com and phone is +1-555-1094",meta94
6,"Hello from user 95, my email is user95@example.com and phone is +1-555-1095",meta95
7,"Hello from user 96, my email is user96@example.com and phone is +1-555-1096",meta96
8,"Hello from user 97, my email is user97@example.com and phone is +1-555-1097",meta97
9,"Hello from user 98, my email is user98@example.com and phone is +1-555-1098",meta98
10,"Hello from user 99, my email is user99@example.com and phone is +1-555-1099",meta99
1,"Hello from user 100, my email is user100@example.com and phone is +1-555-1100",meta100
